title,description,purpose,overview,includes1,includes2,includes3,includes4,includes5,form1,form2,form3
初試啼聲,本基礎單元設計是要讓您向所屬分會自我介紹，並向您介紹展開國際演講會(Toastmasters)學習之旅所需的技巧。,：本單元目的是向分會會員介紹自己，並從中學習公開演講的基本構架。,：撰寫並發表任何主題的演講向分會介紹自己。您可在演講中展現幽默、提供資訊，或以任何吸引您的主題與方式發表。,：一篇 4 ~ 6 分鐘的演講。,,,,,https://ckc300.neocities.org/E/8101.pdf,,
,本單元涵蓋聽到與聆聽的差異，同時提及探索聆聽如何幫助個人建立穩固、持續關係的步驟。,：本單元目的是展現您聆聽他人談話內容的能力。,：在分會例會上，完成即席問答主持人的工作職責。擔任即席問答主持人時，簡單回應每一位即席演講者的內容，展現您積極聆聽的技巧。舉例來說，您可以回答：「感謝您帶來精彩的演講。您在演講中提到從事園藝好處的論點，確實相當有說服力。我了解您對於人人都應該花時間做些喜愛事物的深刻感受。」,：在分會例會擔任即席問答主持人,,,,,https://ckc300.neocities.org/E/8200.pdf,,
講評與回饋,本單元談論給予和聽取回饋的必要技巧。您將學到如何給予、聽取及落實回饋。,：本單元的目的是針對任何主題發表演講、聽取回饋，並在第二篇演講落實回饋。,：為您的第一篇 5 ~ 7 分鐘演講選定主題。發表完演講後，仔細回顧得到的回饋。在另一場分會例會再發表一篇 5 ~ 7 分鐘演講，期間落實您在第一篇演講得到的回饋。您可選擇發表同樣的演講內容或全新演講。您的第二篇演講應反映自第一篇演講得到的部分或全部回饋。最後，在您發表完兩篇演講後，在分會例會擔任講評者並為其他會員的演講提出建設性的回饋。,：,,,,,https://ckc300.neocities.org/E/8100-A.pdf,https://ckc300.neocities.org/E/8100-B.pdf,https://ckc300.neocities.org/E/8100-3.pdf
國際演講會指導計劃介紹,本單元介紹指導計劃的價值，及國際演講會(Toastmasters)對導師與學員間關係的觀點。,：本單元的目的是清楚界定國際演講會(Toastmasters)對指導計劃的願景。,：撰寫一篇 5 ~ 7 分鐘的演講，來分享您身為學員的經驗。分享有導師指導的影響與重要性。您的演講不應只是本單元內容，更要以自身經驗舉例。,。,,,,,https://ckc300.neocities.org/E/8204.pdf,,
了解自身溝通風格,本單元聚焦辨識出您偏好的溝通風格及了解您的個人風格如何影響您與他人間的互動。,：本單元的目的是學習不同的溝通風格並找出您的主要風格。,：完成「探索您的溝通風格」問卷來幫助自己找出個人風格。在分會例會上，發表一篇 5 ~ 7 分鐘的演講，談論您的溝通風格及其對您的職場(及／或)人際關係有何影響。如果您不便討論自身溝通風格，您可談論曾經面對過的溝通風格及其對您的影響。,：,◎ 「探索您的溝通風格」問卷,◎ 發表一篇 5 ~ 7 分鐘的演講,,,https://ckc300.neocities.org/E/8206.pdf,,
,本單元設計是要介紹不同類型的領導風格，以及協助您找出自己偏好的風格。,：本單元目的是找出您主要的領導風格。,：完成「探索您的領導風格」問卷。思考您的領導風格如何影響身邊的人，以及要如何調整以便能更有效率地帶領和自己風格不同的成員。在分會例會中發表一篇 5 ~ 7 分鐘的演講，分享有關您個人領導風格的某些面貌或是一般風格。您可選擇探討與他人合作時偏好的風格、您的個人風格以及如何依照不同情況改變，或一般的領導風格以及其對群體的影響。,：,◎ 「探索您的領導風格」問卷,◎ 發表一篇 5 ~ 7 分鐘的演講,,,https://ckc300.neocities.org/E/8207.pdf,,
跨文化理解,本單元聚焦在理解您認同的文化，同時認識與您所屬文化及其他文化有關之刻板印象的影響。,：本單元的目的是找出您的文化認同及刻板印象如何影響他人對您的觀點。,：發表一篇 5 ~ 7 分鐘的演講，闡述您最認同的文化，及常與這些文化聯想在一起的刻板印象如何對您個人造成影響。您可能需要花時間研究所屬文化的刻板印象，尤其是當您的文化是所處地理區中的主流文化。或許聽起來很難以置信或不常聽聞，所有文化認同都存在有附屬的刻板印象。,：,◎ 「定義您的文化認同」參考資源,◎ 發表一篇 5 ~ 7 分鐘的演講,,,https://ckc300.neocities.org/E/8202.pdf,,
時間管理,本單元設計是要協助您管理時間、探索時間管理技巧，並且在您的演講和日常中活中落實。,：本單元的目的是觀察您的時間管理模式。,：選擇任何主題撰寫一篇 5 ~ 7 分鐘的演講。準備演講時，記錄每一項任務所花時間，以便幫助您決定如何改善時間管理策略。在分會例會中發表您的演講。最後，將您的「單元完成表」交給您的教育副會長。,：,◎ 時間及任務記錄,◎ 單元完成表,◎ 發表一篇 5 ~ 7 分鐘的演講,,https://ckc300.neocities.org/E/8205.pdf,,
,本單元談論主題選擇策略，以及撰寫一篇結構嚴謹的演講前，所需進行研究與採行方法的建議。,：本單元目的是學習或回顧基本研究方法，並針對任何主題發表有條不紊、研究充分的演講。,：選擇您還不很熟悉或有興趣深入研究的主題。確保您的主題不會過於廣泛，適合在 5 ~ 7 分鐘的演講充分表達。按照本單元指示研究主題並開始組織相關資料。練習您的演講，並持續改善組織結構。在分會例會中發表您的演講。,：,◎ 針對主題研究,◎ 研究工作表,◎ 演講大綱工作表,◎ 發表一篇 5 ~ 7 分鐘的演講,https://ckc300.neocities.org/E/8102.pdf,,
連結觀眾 交流共鳴,本單元聚焦在不同的觀眾類型，以及如何有效地與之互動。,：本單元目的是要練習引起陌生觀眾共鳴的必要技巧。,：選擇大部份觀眾不熟悉的主題發表一篇 5 ~ 7 分鐘的演講。因為是在所屬分會發表演講，您應對於觀眾的喜好與個性相當熟悉。選擇一個對您的分會會員來說是全新或不熟悉的主題，可以讓,：一篇 5 ~ 7 分鐘的演講,,,,,https://ckc300.neocities.org/E/8201.pdf,,
有效的肢體語言,本單元聚焦如何辨識在公開演講中使用的肢體語言，以及如何運用手勢強化演講內容。,：本單元的目的是在發表演講過程中，留意您刻意或非刻意的肢體語言，並學習、演練及強化演講時運用非語言溝通的熟練度。,：選擇一個主題，準備一篇 5 ~ 7 分鐘的演講，藉此機會來運用動作與手勢傳達訊息。在分會發表演講前，錄影您演練演講的過程，並請導師或另一名講評者提供回饋意見。若您無法取得錄影器材，可在預定發表演講的時間之前，在鏡子前演練演講。,：發表一篇 5 ~ 7 分鐘的演講,,,,,https://ckc300.neocities.org/E/8203.pdf,,
發掘幽默感,本單元著重瞭解您自身的幽默感，同時學習如何與觀眾分享並引起共鳴。,：本單元的目的為學習構思幽默故事集，並在演講時展現幽默。,：根據所選主題發表一篇 5 ~ 7 分鐘的演講。您應在演講過程中分享至少一則趣聞軼事或故事，來娛樂觀眾或在演講中展現幽默。,：5 ~ 7 分鐘長的演講,,,,,https://ckc300.neocities.org/E/8208.pdf,,
達成共識,本單元聚焦在如何達成共識，同時強調在決策過程中讓所有團體成員都有參與感的重要性。,：本單元目的是與團體合作，練習如何針對任何議題達成共識。,：應用本單元提及的技巧，練習在分會例會中，帶領團體在 20 分鐘內達成共識。選擇您及該團體視為挑戰的議題，但避免選擇顯然無法在限定時間內達成共識的議題。（註：您若在 20 分鐘內無法達成共識，並無關係，重點在於過程。）接著作 2 ~ 3 分鐘結語，就此次經驗或達成的決定發表感言。您可以選擇領導一個非國際演講會(Toastmasters)團體來達成共識。運用單元中學到的技巧。選擇對您或您的團隊帶來挑戰的主題。在分會例會上，發表一篇 5 ~ 7 分鐘的演講分享經驗。您的演講可以是說服性的、幽默的、提供訊息的，或以任何您喜歡並且能強化您演講內容的方式呈現。將簽過名的「單元完成表」交給您的教育副會長。,：,◎ 率領非國際演講會(Toastmasters)成員團體達成共識,◎ 發表一篇 5 ~ 7 分鐘的演講,◎ 單元完成表,,https://ckc300.neocities.org/E/8313-A.pdf,https://ckc300.neocities.org/E/8313-B.pdf,
計畫與執行,本單元設計是要協助您提出實際的計畫來達成您的目標，並且成功追蹤專案至完成。,：本單元目的為練習制定計畫並實現計畫目標。,：選擇任何小規模專案，例如家庭派對、短途旅行、有關國際演講會主題例會或任何需要事先計畫的活動或專案。在他人的協助或是自己獨力的情況下，制定並執行計畫。在分會例會發表一份 2 ~ 3 分鐘的專案成果報告，或一篇 5 ~ 7 分鐘的演講來分享您的經驗。繳交「單元完成表」給您的教育副會長以確認您完成所有規劃資源內容。,：,◎ 制定並執行小型專案的計畫,◎ 「專案計畫」資源,◎ 活動規劃工作表,◎ 單元完成表,https://ckc300.neocities.org/E/8309.pdf,,
協調最佳結果,本單元聚焦識別各種協調風格、參與互利為前提的討論，最終找出並建立共同點。,：本單元目的是學習在協調時能夠使用不同類型的協調方式及策略。,：撰寫一篇 5 ~ 7 分鐘的演講，內容是關於您的人生中，曾經有過的或是未來會面臨的協調情況。協調的內容，必須是您曾經參與或即將涉入的協調事件。在演講中您可反思以往用過的談判方式，或是構思在未來對您最有幫助的協調策略。您可藉由演講來說服他人、展現幽默、提供訊息或以任何您喜歡且支持演講內容的方式，發表您的演講。,：,◎ 分析生活中曾面對或未來將面對的協調經驗,◎ 「協調目標設定」資源,◎ 發表一篇 5 ~ 7 分鐘的演講,,https://ckc300.neocities.org/E/8307.pdf,,
了解情緒智能,本單元談論情緒智能的各項元素。同時設計來協助您理解自己的情緒及他人的情緒。,：本單元的目的是要了解您的情緒如何影響人際關係。同時將幫助您辨別自身情緒如何受他人情緒影響。,：最少持續 2 週撰寫情緒日誌，記錄您的情緒如何影響自身及他人。在分會例會發表一篇 5 ~ 7 分鐘的演講，探討追蹤自身情緒帶來什麼影響。,：,◎ 至少歷時 2 週的情緒日誌,◎ 單元完成表,◎ 發表一篇 5 ~ 7 分鐘的演講,,https://ckc300.neocities.org/E/8316.pdf,,
發表企劃案,本單元介紹如何在企劃案中選擇關鍵資訊呈現，以便提出具支持性的證據和實際的解決方案來凸顯自己的立場。,：本單元目的為練習制定並發表企劃案。,：制定能夠改善您生活任何層面的企劃案。企劃案可能與您的個人或職場生活，或您的分會有關。若您的企劃案與分會有關，請先與負責相關事務的幹部討論。舉例來說，若您打算提出增加會員人數的企劃案，則應與會員副會長商討。在分會例會發表一篇 5 ~ 7 分鐘的演講，完整或部分呈現您的企劃案。,：,◎ 制定企劃案,◎ 「撰寫企劃案」資源,◎ 發表一篇 5 ~ 7 分鐘的演講,,https://ckc300.neocities.org/E/8312.pdf,,
使用幽默吸引觀眾,本單元著重運用幽默來強化您在演講中傳達的訊息。,：本單元的目的是讓您決定自己展現幽默的風格，並且把這種風格應用在具有特定核心訊息的演講中。,：發表一篇 5 ~ 7 分鐘長的演講，來闡述您的觀點以及讓您感到有趣的事情。您的演講至少要包括一則趣聞軼事或故事，藉此娛樂觀眾或在演講中展現幽默。,：5 ~ 7 分鐘長的演講,,,,,https://ckc300.neocities.org/E/8320.pdf,,
掌握解決衝突之道,本單元設計是要介紹衝突解決策略，並且提供機會來在互動活動中化解衝突情境。,：本單元目的是要培養或強化您對解決衝突步驟與策略的理解。,：完成本單元中的解決衝突影片活動。準備一篇 5 ~ 7 分鐘的演講來討論您如何處理衝突、如何制定更有效的策略，以及您在衝突情境中展現哪些最佳特質。您也可分享影片活動帶來的影響。您可在演講中展現幽默、提供資訊，或以任何您喜愛的方式發表。,：,◎ 解決衝突影片活動,◎ 發表一篇 5 ~ 7 分鐘的演講,,,https://ckc300.neocities.org/E/8315.pdf,,
說服型演講,本單元聚焦幫助您提出及支持一項觀點，同時為您所選的主題找出最合適的說服型演講類型。,：本單元的目的是要了解說服型演講的不同類型，並在例會發表一篇說服演講。,：選擇任何適合發揮說服力的主題，並準備一篇演講。在分會例會發表一篇 5 ~ 7 分鐘的演講。,◎ 說服型演講大綱工作表,◎ 發表一篇 5 ~ 7 分鐘的演講,,,,https://ckc300.neocities.org/E/8308.pdf,,
成功的合作,本單元聚焦合作的益處、營造信任環境，以及鼓勵在團隊中進行創意辯論。,：本單元的目的是介紹或檢視在合作團隊中工作的策略。,：與一個小型團隊一同工作，並合作制定決策。您的目標是將您所學習到的合作策略應用到例如規劃分會例會的小規模計畫上。在分會例會發表一篇 5 ~ 7 分鐘的演講，來分享您在合作過程中學到的經驗。,：,◎ 與小型團隊一同工作並針對小規模活動制定合作決策,◎ 「團隊營造活動」資源,◎ 發表一篇 5 ~ 7 分鐘的演講,,https://ckc300.neocities.org/E/8314.pdf,,
運用人際網絡建立關係,本單元聚焦如何有效地建立人際網絡，並且了解讓您的人際網絡成員認可您是專業夥伴的重要。,：本單元的目的是要培養並練習個人化策略，藉此運用人際網絡建立關係。,：準備並參加人際網絡活動。活動過後，在您的分會發表一篇 5 ~ 7 分鐘的演講。您的演講內容可包括與自身經驗有關的故事、敘述您學到什麼，或討論人際網絡的好處。您也可在演講中分享個人經,：,◎ 「準備建立人際網絡」資源,◎ 參加人際網絡活動,◎ 單元完成表,◎ 發表一篇 5 ~ 7 分鐘的演講,https://ckc300.neocities.org/E/8306.pdf,,
制定溝通計劃,本單元聚焦如何提出中心訊息，並且為目標觀眾制定溝通計劃。,：本單元的目的是要練習制定溝通計劃。,：針對任何活動或情況制定溝通計劃。計劃可以是因應實際或假設性的需求而制定。在分會例會發表一篇 5 ~ 7 分鐘的演講來談論您的經驗。您可選擇談論計劃制定過程、制定計劃的好處，或在您執行計劃後可能帶來的影響。將已完成的計劃交給分會教育副會長檢視，以完成本單元。,◎ 制定溝通計劃,◎ 「撰寫溝通計劃」參考資源,◎ 發表一篇 5 ~ 7 分鐘的演講,,,https://ckc300.neocities.org/E/8303.pdf,,
發表社交演講,本單元談論為各種社交場合撰寫演講的必要技巧，包括敬酒、致哀、受獎等演講，以及表揚個人或團體的演講。,：本單元的目的是要練習在您的分會會員面前發表社交演講。,：撰寫 2 篇不同內容的社交演講，時間均為 3 ~ 4 分鐘，並在 2 場不同例會上發表。您可選擇最感興趣的 2 種社交演講類型，或任何您想練習的類型。,：,◎ 「社交演講基本要素」參考資源,◎ 發表 2 篇 3 ~ 4 分鐘的演講,,,https://ckc300.neocities.org/E/8302-A.pdf,https://ckc300.neocities.org/E/8302-B.pdf,
巧說故事拉近距離,本單元談論巧說故事技巧及描述技巧，來讓每一篇演講引發共鳴且有趣。,：本單元目的是要練習在演講中運用巧說故事技巧，或演講內容本身就是一則故事。,：選擇既有的故事、出自本身經驗的故事，或自己創作、完全虛構的情節。在分會例會發表一篇 5 ~ 7 分鐘的演講。,：發表一篇 5 ~ 7 分鐘的演講,,,,,https://ckc300.neocities.org/E/8300.pdf,,
製作有效的視覺輔具,本單元談論為您的簡報與演講選擇最佳視覺輔具的有效方法，以及每種輔具的製作及使用方式。,：本單元目的是要練習選擇並在演講中運用各種視覺輔具。,：選擇最能發揮運用視覺輔具成效的演講主題。製作至少1種但至多3種的視覺輔具來強化您的演講內容。在分會例會發表一篇 5 ~ 7 分鐘的演講。,：,◎ 製作1至3種的視覺輔具,◎ 發表一篇 5 ~ 7 分鐘的演講,,,https://ckc300.neocities.org/E/8301.pdf,,
聚焦正面思考,本單元談論藉由了解您日常互動時的態度與想法，來改善您與他人互動的策略。,：本單元目的是要練習瞭解您的想法與感受，以及您對他人的反應造成的影響。,：逐日記錄您的心情與態度，至少維持 2 星期，留意您何時感到積極正面、何時感到消極負面，您的成功與努力，以及您心懷感激的三件事情。記錄並評估您或周遭的人行為上的任何改變。在分會例會上，分享您的部分經驗。您可選擇發表 2 ~ 3 分鐘的報告，或 5 ~ 7 分鐘的演講。,：,◎,◎ 一篇 2 ~ 3 分鐘的報告或 5 ~ 7 分鐘的演講,◎ 單元完成表,,https://ckc300.neocities.org/E/8304.pdf,,
激勵啟發,本單元談論如何在發表演講時展現熱忱、激勵啟發他人，藉此與您的觀眾建立極為密切的關係。,：本單元目的是要練習撰寫並發表激勵啟發他人的演講。,：選擇可用來激勵啟發觀眾的合適主題，並準備在分會發表一篇 5 ~ 7 分鐘的演講。,：發表一篇 5 ~ 7 分鐘的演講,,,,,https://ckc300.neocities.org/E/8305.pdf,,
準備面談,本單元談論您找出及推銷自身強項的必須技巧，並且在任何類型的面談或面試恰如其分地呈現自己。,：本單元的目的是練習在面試或面談過程中如何恰如其分地呈現自己的所需技巧。,：決定您打算演練的面談類型，例如求職面試或專家面談。藉由審視自身技巧與能力來充分準備。完成本單元中的資源，並在發表演講前交給您的面談者參考。您可決定由分會中哪一名會員對您進行面談，,：,◎ 找出您的技能工作表,◎ 「面談者指南」參考資源,◎ 在分會例會上進行一場 5 ~ 7 分鐘的角色扮演面談,,https://ckc300.neocities.org/E/8310.pdf,,
了解抑揚頓挫,本單元談論在演講中展現抑揚頓挫的重要，同時提供活動來提升與強化運用。,：本單元目的是要練習運用抑揚頓挫來強化演講效果。,：學習或複習抑揚頓挫的重要性。利用本單元中的練習來改善您運用抑揚頓挫的技巧。接著，在分會例會中以任何主題發表一篇 5 ~ 7 分鐘的演講。,：一篇 5 ~ 7 分鐘的演講,,,,,https://ckc300.neocities.org/E/8317.pdf,,
透過正向教練達成改進,本單元聚焦您的舉止如何對他人帶來正面影響，以及如何培養雙方關係，並且協助個人達成目標。,：本單元目的是培養並運用教練技能，您可教練 1 名分會會員或非國際演講會人士，幫助他或她得到進步。,：在分會例會之外的時間，於單元進行中輔導一個會員。與教育副會長討論後，分別制定教練分會會員及非國際演講會會員的計畫。在完成教練任務後，在分會會議上發表一篇 5 ~ 7 分鐘的演講，並分享您擔任教練的經驗。您可在演講中展現幽默、提供資訊，或以任何您喜愛且適合演講內容的方式發表。,：,◎ 利用單元內容來教練一個人,◎ 發表一篇 5 ~ 7 分鐘的演講,,,https://ckc300.neocities.org/E/8403.pdf,,
運用描述性語彙,本單元談論直述與比喻語彙的差異，同時學習如何決定使用時機，來創造出栩栩如生的描述。,：本單元目的主要是練習運用語彙撰寫演講，並強化演講帶給觀眾的興趣與影響力。,：您可針對任何主題發表演講。在您的分會發表 5 ~ 7 分鐘的演講來詳細描述主題。,：發表一篇 5 ~ 7 分鐘的演講,,,,,https://ckc300.neocities.org/E/8318.pdf,,
掌理改變,本單元聚焦如何為改變制定計畫、提出溝通計畫，並找出為達成功可能面臨的阻礙。,：本單元目的是練習制定掌理改變的計畫。,：針對一個真實或假設性狀況制定一個掌理改變的計畫。您可根據過往的改變經驗，或是未來可能在您個人、國際演講會或職場發生的改變來制定計畫。發表一篇 5 ~ 7 分鐘的演講來與分會分享您的掌理改變計畫。您可在演講中展現幽默、提供資訊，或以任何吸引您的主題與方式發表。,：,◎ 制定掌理改變計畫,◎ 為改變做好準備工作表,◎ 「撰寫溝通計畫」參考資源,◎ 一篇 5 ~ 7 分鐘的演講,https://ckc300.neocities.org/E/8406.pdf,,
使用簡報軟體,本單元談論如何使用簡報軟體—從如何挑選能因運用科技受惠的主題，到有效的簡報設計與發表。,：本單元目的是要介紹或檢視製作與使用投影片來輔助或強化演講的基本簡報軟體使用策略。,：選擇一個適合運用科技做視覺簡報的演講主題。運用本單元內容及您自己的研究，來幫您製作投影片。使用您製作的投影片來發表一篇 5 ~ 7 分鐘的演講。您的演講可以是幽默的、示範性的或資訊型的，同時也可以加入故事或趣聞軼事。,：,◎,◎ 一篇 5 ~ 7 分鐘的演講,,,https://ckc300.neocities.org/E/8319.pdf,,
在即席演講展現幽默力量,本單元強調構思無論任何時間演講都能增添幽默的策略，特別是如何在即席演講展現。,：本單元旨在引導您制定一套發表即席演講的方法，同時練習在演講過程中適時修改預先準備的故事。,"：您將發表2場 2~3 分鐘的演講。當您準備開始第一場演講時，當日的總主持人將從「即席演講主題」中挑選一個主題。您的演講長度必須介於 2~3 分鐘，同時必須包括一個與主題相關的趣聞軼事。完成第一場演講後,再針對另一新主題發表另一場 2~3 分鐘的演講。",:,◎ 「即席演講主題」參考資源,◎ 兩場 2~3 分鐘的即席演講,,,https://ckc300.neocities.org/E/8415.pdf,,
領導您的團隊,本單元設計是要協助您領導小規模團隊完成任務，並且給您機會練習基本的領導技巧。,,,● 針對分會的專案，例如舉辦開放分會活動、演講比賽，或協調會員招募計畫。,● 能有更大貢獻、非國際演講會的特定專案，例如為慈善機構組織志工活動、為貧困的社群夥伴募集食物等。(※ 請謹記您應以個人名義從事這些活動，而非代表國際演講會。),● 工作相關團隊或團隊專案。,,,https://ckc300.neocities.org/E/8405.pdf,,
激勵他人,本單元聚焦了解個人如何受激勵。主要設計是要協助您透過有效能地激勵團隊成員，來打造出自己的領導風格。,：本單元的目的是要練習在完成專案期間激勵團隊成員的所需技能。,：建立由 3 ~ 4 人組成的團隊，來幫助您制定與完成對您的分會有益的專案。運用本單元學到的資訊，來為每位團隊成員制定激勵策略。完成單元後，您可請團隊成員與至少一位分會幹部完成 360° 評估並針對您的溝通與領導技能提出回饋意見。在分會例會發表一篇 5 ~ 7 分鐘的演講來分享您的經驗。,：,◎ 建立並激勵團隊，來完成對您的分會有益的專案,◎ 「團隊營造活動」資源,◎ 「360° 評估」資源,◎ 一篇 5 ~ 7 分鐘的演講,https://ckc300.neocities.org/E/8411.pdf,,
困境中領導,本單元聚焦在因應挑戰、分析艱難局面和找出最佳解決方案來克服逆境等的基本要項。,：本單元目的是練習提出因應突發事件與變化的策略，來對已定案的計畫進行微調。,：針對任何活動或一系列目標，制定並完成專案計畫。您的計畫可以是真實案例或虛構的情境。為讓專案獲得最大成功，在計畫中加入愈多細節愈好。在分會例會上發表 5 ~ 7 分鐘的演講，與會員分享您的計畫。提供分會會員「計畫阻礙可能性參考」資源，並讓他們進行 2 ~ 3 分鐘的討論，來思考您的計畫可能遇上的阻礙。聆聽會員提出的可能阻礙，並即席發表解決方案。,：,◎ 制定鉅細彌遺的專案計畫,◎ 「專案計畫」資源,◎ 「專案計畫概述」資源,◎ 「計畫阻礙可能性參考」資源,https://ckc300.neocities.org/E/8404.pdf,,
成功管理專案,本單元聚焦有效管理專案、與利害關係人發展融洽關係，以及和團隊培養穩固合作關係的必要技巧。,：本單元目的是練習制定計畫、組建團隊並在團隊協助下執行且完成專案。,：組建 3 ~ 4 人組成的團隊並選擇要執行的專案。撰寫專案計畫並利用 2 ~ 3 分鐘的演講在分會發表計畫。與團隊合作完成您的專案。發表一篇 5 ~ 7 分鐘的演講來分享您的經驗。您的演講可以是幽默的、提供資訊的，或以任何您喜愛的方式來發表。此演講並非針對單元內容的報告，而是針對您如何應用所學的反思。,：,◎,◎,◎ 「專案計畫」資源,◎ 針對您的計畫發表一篇 2 ~ 3 分鐘的演講,https://ckc300.neocities.org/E/8408-A.pdf,https://ckc300.neocities.org/E/8408-B.pdf,
傳達改變,本單元聚焦制定溝通計畫，並在之前蒐集證據支持改變的必要，然後向您的聽眾傳達改變事項。,：本單元的目的在於練習如何向團體或组織有效傳達改變訊息的技能。,：面對將會受到此變化影響的聽眾，制定傳達改變訊息的計畫。在分會例會中，發表一篇 5 ~ 7 分鐘的演講來傳達一個改變訊息。您可以談論一個真實或虛擬的改變，它將會影響您的分會或生活中其,：,◎ 制定傳達改變的方案,◎ 一篇 5 ~ 7 分鐘的演講,,,https://ckc300.neocities.org/E/8401.pdf,,
公關策略,本單元聚焦提升組織能見度、制定公關策略，以及運用各種公關戰略的方法。,：本單元目的是要練習為任何組織或在任何情況下，有效運用公關策略的技巧。,：為真實或假想的團體或情況，制定公關計畫。要是計畫涉及您的分會，除非您事先和分會會長及公關副會長溝通，否則應為假想的情境。在分會例會上發表一篇 5 ~ 7 分鐘的演講來分享您的計畫內容。,：,◎,◎ 一篇 5 ~ 7 分鐘的演講,,,https://ckc300.neocities.org/E/8412.pdf,,
應對棘手的觀眾,本單元涵蓋常見的棘手觀眾行為，以及如何以冷靜、有效能且專業的方式來應對每一種行為。,：本單元目的是練習在國際演講會分會以外的場合發表演講時，應對觀眾挑戰所需的技能。,：針對所選主題準備一篇 5 ~ 7 分鐘的演講。您可以寫一篇全新的演講或是使用之前發表過的演講。講評將針對您應對觀眾干擾的方式，而非您的演講內容。在分會例會前，將「角色扮演任務」資源交給例會總主持人與教育副會長。發表演講時，回應那些對您造成干擾、不同類型的棘手聽眾。,：,◎,◎ 發表一篇 5 ~ 7 分鐘的演講,,,https://ckc300.neocities.org/E/8409.pdf,,
組織線上會議,本單元談論如何有效能地進行線上會議與研討會，還包括如何準備與籌備必要的視覺輔具，同時拿出自信主持與領導。,：本單元目的是練習主持線上會議或領導線上研討會。,：主持由國際演講會會員參與的 20 ~ 25 分鐘線上會議，或運用視覺輔具主持由國際演講會會員參加的 20 ~ 25 分鐘線上研討會。,：,◎ 「線上會議議程」資源,◎ 「線上會議入門」資源,◎ 籌備並主持 20 ~ 25 分鐘的線上會議或研討會,,https://ckc300.neocities.org/E/8407.pdf,,
提高社群媒體能見度,本單元談論使用各種不同類型線上傳播管道的最佳方式。您將建立並經營一個線上個人頁面，來推廣自己或所屬組織。,：本單元的目的是運用您對社群媒體的認識，來提高既有的或新建的社群媒體能見度。,：運用本單元內容與您自身研究的知識，來建立全新社群媒體的能見度，或提高既有社群媒體的能見度。您可專注達成個人目標（如與老友交流或推廣部落格）或職場目標（如商業或組織行銷）。運用對您與您的目標最有成效的工具。達成目標後，發表一篇 5 ~ 7 分鐘的演講來分享您的成果、經驗及社群媒體帶來的益處。繳交「單元完成表」給教育副會長，得到完成本單元的積分。,：,◎ 營造或強化社群能見度,◎ 單元完成表,◎ 發表一篇 5 ~ 7 分鐘的演講,,https://ckc300.neocities.org/E/8400.pdf,,
製作播客(Podcast),本單元談論您製播《播客》(Podcast)、有趣內容及組織連貫節目的必要技巧。您還將學到如何錄製《播客》(Podcast)並上傳到網路發表。,：本單元目的是向您介紹製播與發表《播客》(Podcast)的必要技巧。,：運用本單元所學內容與您自己的研究製作《播客》(Podcast)。錄製至少 60 分鐘的內容。您可自由剪輯錄製的《播客》(Podcast)內容。每集《播客》(Podcast)至少長約 10 分鐘，若要與您的主題與風格相襯，可擷取更長的片段。,：,◎,◎ 發表 2 ~ 3 分鐘的介紹演講,,,https://ckc300.neocities.org/E/8402.pdf,,
問答時間,本單元談論如何準備回答問題，並且帶著自信，清楚、扼要地提供資訊。,：本單元目的是要學習並練習如何順利進行問答時間。,：選擇一個您特別熟悉的主題。針對此主題準備並發表演講，之後接著一段問答時間,：,◎ 發表一篇 5 ~ 7 分鐘的演講,◎,,,https://ckc300.neocities.org/E/8413.pdf,,
撰寫吸引人的部落格,本單元談論撰寫吸引人部落格內容及成功培養讀者群的基本要素。,：本單元目的是回顧或介紹經營部落格與撰寫文章所需的技巧。,：一個月內至少發表 8 篇部落格文章。您可建立全新的部落格，或以您現有的部落格進行亦可。若您打算以分會名義發表部落格文章，必須先取得教育副會長許可。在分會例會上發表一篇 2 ~ 3 分鐘的演講，分享您經營部落格經驗的影響。您可選擇將部落格交由分會會員評分。繳交「單元完成表」給教育副會長，得到完成本單元的積分。,：,◎,◎ 部落格評分表,◎ 單元完成表,◎ 發表一篇 2 ~ 3 分鐘的演講,https://ckc300.neocities.org/E/8414.pdf,,
運用幽默傳達訊息,本單元強調構思主題式長篇演講，並藉此向觀眾有效傳達幽默與訊息。,：本單元的目的是要練習構思並發表一場時間較長的幽默演講。,：撰寫並發表一篇長約 18 ~ 22 分鐘的主題式幽默演講。若適合您的演講內容與風格，可選擇利用視覺輔具強化演講效果。,：,◎ 演講大綱工作表,◎ 18 ~ 22 分鐘的主題式幽默演講,,,https://ckc300.neocities.org/E/8512.pdf,,
時時挺身領導,本單元聚焦領導能力及體認依照面對情況和領導團隊成員的不同，來適應調整領導風格的必要性。,：本單元目的是運用能夠成功領導志工團隊或其他組織的必要技能。,：在國際演講會中(任何分會或區部層級皆可)、其他志工組織或您的職場上，擔任至少 6 個月的領導者。履行職責時，請同儕完成 360° 全面評估。發表一篇 8 ~ 10 分鐘的演講分享您擔任領導者的經驗。您可在演講中展現幽默、提供資訊，或以任何您喜愛的方式發表。,：,◎ 擔任領導者至少 6 個月,◎ 進行 360° 全面評估,◎ 發表一篇 8 ~ 10 分鐘的演講,,https://ckc300.neocities.org/E/8504.pdf,,
舉辦成功的活動,本單元設計是提供您統籌舉辦活動的工具。其中包括因應未預期局面、領導團隊及達成正面結果等的步驟。,：本單元目的是練習規劃、組織、領導與舉辦活動。,：規劃、合作舉辦並完成所選活動。本單元包括與規劃活動所有層面有關的工具。完成活動後，在您的分會發表一篇 5 ~ 7 分鐘的演講。分享規劃過程、您的團隊及活動舉辦組織的影響。您可在演講中展現幽默、提供資訊，或以任何您喜愛的方式發表。,：,◎ 規劃、組織及舉辦所選活動,◎ 活動規劃工作表,◎ 「撰寫溝通計畫」參考資源,◎ 發表一篇 5 ~ 7 分鐘的演講,https://ckc300.neocities.org/E/8507.pdf,,
團隊營造,本單元談論團隊營造的益處。內容設計是在協助您在完成專案的過程中，於團隊內部營造合作與信任的氛圍。,：本單元目的是練習營造具凝聚力團隊及舉辦活動的必要技能。,：建立小規模團隊並與成員設計、主持團隊營造活動，可在國際演講會分會或其他場合舉行。任何非國際演講會活動必須先由分會教育副會長許可，並且有一位分會幹部出席。活動前，在分會例會發表一篇 2 ~ 3 分鐘的報告，分享您的計畫。活動後，再於分會發表一篇 5 ~ 7 分鐘的演講。,：,◎ 與小規模團隊合作，主持團隊營造活動,◎ 「團隊營造活動」資源,◎ 「團隊營造活動評估」資源,◎ 發表一篇 2 ~ 3 分鐘的報告,https://ckc300.neocities.org/E/8511-A.pdf,https://ckc300.neocities.org/E/8511-B.pdf,
高成效領導,本單元聚焦設計與完成具有定義清楚目標的專案、領導團隊執行專案，同時向指導委員會負責說明。,：本單元目的是運用您的領導力和計畫知識來制定專案計畫、組成指導委員會，並在團隊協助下執行計畫。,：與至少 3 名其他會員組成團隊，並選擇要完成的專案。 組成指導委員會，在專案期間至少進行 5 次會議。在分會例會上發表一篇 5 ~ 7 分鐘的演講，來介紹您的計畫與願景。執行計畫後，再於分會例會發表一篇 5 ~ 7 分鐘的演講，來分享您發展與完成計畫的經驗。,：,◎,◎,◎ 「指導委員會介紹」資源,◎ 「會議議程」資源,https://ckc300.neocities.org/E/8503-A.pdf,https://ckc300.neocities.org/E/8503-B.pdf,
建立您的願景,本單元聚焦為您的職場或個人生涯建立願景。,：本單元目的是為您的個人生涯、職場生活或組織團隊規劃一個細緻描繪的願景。,：在例會中以 5 ~ 7 分鐘的時間發表一篇演講來提出一個願景。運用本單元的相關資源，制定出實現計畫的時間表。在後續的例會中發表另一篇 5 ~ 7 分鐘的演講，陳述實現願景的計畫。繳交簽名過的「單元完成表」給教育副會長，表示您已完成單元中所有的相關資源。,：,◎ 建立願景並制定實現願景的計畫,◎ 點子藍圖工作表,◎ 目標設定工作表,◎ 目標任務清單,https://ckc300.neocities.org/E/8501-A.pdf,https://ckc300.neocities.org/E/8501-B.pdf,
為專業演講做好準備,本單元設計是要協助您定義出身為專業演講者的特質，並且將對這些特質的了解，落實在您身為演講者所擁有的技巧。,：本單元目的是練習撰寫並發表較長的演講。,：撰寫並發表一篇長約 18 ~ 22 分鐘的主題式演講。列舉說明身為專業演講者所要傳達的觀點和訊息。若適合您的演講內容與風格，可選擇利用視覺輔具強化演講效果。您的演講可以幽默風趣、提供資訊或是其他任何類型，只要您的演講風格跟演講內容相符合。,：,◎ 演講大綱工作表,◎ 發表一篇,,的,https://ckc300.neocities.org/E/8509.pdf,,
於志工組織領導,本單元聚焦領導志工組織的必要技巧，以及認可與獎勵對激勵志工的重要。,：本單元目的是應用必要技能，以成功領導志願者組織。,：在國際演講會或其他志工組織擔 任至少 6 個月的領導職務。您或許可在所處職場完成本單元，但最好是志工組織。請組織成員對您的領導技能進行 360° 評估。制定接班計畫，來協助您離職後的交接。6 個月期間結束後，在分會例會發表一篇 5 ~ 7 分鐘的演講來反思您的個人經驗。,：,◎,◎ 針對您的領導技能進行 360° 評估,◎,◎ 「接班計畫」資源,https://ckc300.neocities.org/E/8505.pdf,,
道德領導,本單元談論識別有能力左右道德之決策的影響、做出道德決策及提出道德框架等的重要性。,：本單元目的是要對您的道德框架建立明確的暸解，並提供機會讓他人瞭解並討論您的組織或社群中的道德標準。,：定義您個人的道德框架。為定義個人道德框架，除參考單元內容，您必須另行研究。接著組織並主持一場 20 ~ 40 分鐘、探討何為道德的小組專題討論並開放問答。若您從未主持過小組專題討論，請參閱選修單元「主持小組專題討論」。,：,◎ 「道德框架」資源,◎,,,https://ckc300.neocities.org/E/8502.pdf,,
學習心得,本單元聚焦找出大型團體會議中的討論要點、鼓勵主動貢獻並勇於提出意見的文化，並促進能夠帶來正面成果、有建設性的討論。,：本單元目的是學習在進行或專案完成後，於學習心得會議期間應用的必要技能。,：安排曾與您完成專案，或正一同完成專案的團隊成員，進行一場學習心得會議。 本會議與國際演講會例會分開舉行。組織並促進討論。將討論結果以書面記錄，供您的團隊成員在當前專案或未,：,◎,◎ 記錄學習心得會議內容與結果,◎ 「360° 評估」資源,◎,https://ckc300.neocities.org/E/8506.pdf,,
回顧學習歷程,本單元設計是要讓您有機會在即將完成學習途徑的時刻，分享您的所學與經驗。,：本單元目的是回顧您完成整個學習途徑這一路上的成長。,：在分會例會上，發表一篇 10 ~ 12 分鐘的演講，來,：,◎ 「您的國際演講會(Toastmasters學習)之旅」資源,◎ 發表一篇 10 ~ 12 分鐘的演講,,,https://ckc300.neocities.org/E/8510.pdf,,
主持小組專題討論,本單元談論成功主持小組專題討論的必須技巧，以及如何擔任一名有效能的專題小組成員。,：本單元目的是運用您身為公開演講者與領導者的技能，來順利進行並主持小組專題討論。,：規劃並主持一場 20 ~ 40 分鐘的小組專題討論。,：,◎,◎ 「專題小組成員基本注意事項」資源,◎ 單元完成表,,https://ckc300.neocities.org/E/8508.pdf,,
